N,m,semente,abordagem,rep,makespan,lb_solver,lb_trivial,status,t_prova,t_solver_final,subproblemas_fo,makespan_apos_fo,tempo_total
6,5,2032,Heuristica (ILS),0,399,,368,heuristica,,,,,60.0
6,5,2032,Exato (CBC),0,399,399.0,368,otimo,0.30390095710754395,,,,0.3
6,5,2032,Hibrido (janela),0,399,399.0,368,otimo,3.418865442276001,0.12290167808532715,13,399,3.42
6,5,2032,Hibrido (maquinas),0,399,399.0,368,otimo,3.7817134857177734,0.12774062156677246,21,399,3.78
8,5,2034,Heuristica (ILS),0,473,,426,heuristica,,,,,60.0
8,5,2034,Exato (CBC),0,473,473.0,426,otimo,13.872921466827393,,,,13.87
8,5,2034,Hibrido (janela),0,473,473.0,426,otimo,9.491384267807007,5.290011167526245,16,473,9.49
8,5,2034,Hibrido (maquinas),0,473,473.0,426,otimo,11.78789758682251,5.4801695346832275,22,473,11.79
10,5,2036,Heuristica (ILS),0,536,,536,heuristica,,,,,60.0
10,5,2036,Exato (CBC),0,554,460.936,536,viavel,,,,,60.07
10,5,2036,Hibrido (janela),0,536,431.0,536,viavel,,46.17166543006897,15,536,60.03
10,5,2036,Hibrido (maquinas),0,536,431.0,536,viavel,,34.32080817222595,21,536,60.02
12,5,2038,Heuristica (ILS),0,651,,633,heuristica,,,,,60.0
12,5,2038,Exato (CBC),0,747,491.817,633,viavel,,,,,60.04
12,5,2038,Hibrido (janela),0,651,489.095,633,viavel,,31.33093762397766,17,651,60.02
12,5,2038,Hibrido (maquinas),0,662,490.362,633,viavel,,26.385632038116455,13,662,60.02
15,5,2041,Heuristica (ILS),0,868,,868,heuristica,,,,,60.0
15,5,2041,Exato (CBC),0,897,432.0,868,viavel,,,,,60.07
15,5,2041,Hibrido (janela),0,868,432.439,868,viavel,,26.962748050689697,9,868,60.04
15,5,2041,Hibrido (maquinas),0,868,432.439,868,viavel,,26.96143889427185,10,868,60.03
20,5,2046,Heuristica (ILS),0,1195,,1195,heuristica,,,,,60.0
20,5,2046,Exato (CBC),0,1201,409.637,1195,viavel,,,,,60.07
20,5,2046,Hibrido (janela),0,1195,418.241,1195,viavel,,26.94064211845398,8,1195,60.06
20,5,2046,Hibrido (maquinas),0,1195,418.241,1195,viavel,,26.956550359725952,10,1195,60.08
